"Lane_id","Year","Serotype","Vaccine_Type","GPSC"
"6925_1#61",2004,"19F","VT",119
"6925_2#81",2004,"16F","NVT",135
"6925_2#88",2004,"19F","VT",119
"6930_8#17",2004,"35B","NVT",75
"6930_8#22",2004,"19F","VT",175
"6952_4#8",2001,"19F","VT",119
"6952_7#16",2004,"34","NVT",237
"7001_2#17",2004,"35B","NVT",75
"7001_3#3",2004,"19F","VT",175
"6999_1#10",2004,"19F","VT",175
"6999_1#15",2004,"19F","VT",175
"6999_2#17",2004,"35B","NVT",75
"6999_2#18",2004,"19F","VT",175
"6999_3#9",2001,"19F","VT",119
"6999_4#13",2001,"6A","VT",601
"6999_5#18",2001,"19F","VT",175
"6999_6#11",2001,"11A","NVT",22
"6999_6#13",2001,"19F","VT",175
"6999_6#23",2001,"15A","NVT",140
"7553_4#31",2007,"16F","NVT",156
"7553_5#55",2007,"16F","NVT",135
"7553_5#73",2007,"16F","NVT",135
"7553_5#93",2007,"16F","NVT",135
"7622_2#17",2007,"16F","NVT",135
"7622_2#21",2007,"19F","VT",316
"7622_2#26",2007,"19F","VT",119
"7622_3#60",2007,"19A","NVT",140
"7622_5#64",2007,"16F","NVT",135
"6925_1#54",2004,"6A","VT",64
"6925_2#93",2004,"6A","VT",64
"6930_8#12",2004,"6A","VT",64
"6930_8#15",2004,"10A","NVT",35
"6930_8#18",2004,"10A","NVT",35
"6952_4#10",2001,"6A","VT",64
"6952_4#15",2001,"6A","VT",64
"6952_4#16",2001,"35F","NVT",36
"6952_7#5",2004,"6A","VT",64
"6952_7#18",2004,"35F","NVT",36
"6952_7#22",2004,"10A","NVT",36
"7001_2#7",2004,"10A","NVT",36
"7001_2#8",2004,"35F","NVT",36
"7001_2#13",2004,"35F","NVT",36
"7001_2#15",2004,"35F","NVT",36
"7001_3#20",2004,"10A","NVT",35
"6999_1#1",2004,"10A","NVT",36
"6999_1#8",2004,"35F","NVT",36
"6999_2#7",2004,"35F","NVT",36
"6999_2#10",2004,"35F","NVT",36
"6999_2#14",2004,"6A","VT",64
"6999_2#16",2004,"6A","VT",64
"6999_3#3",2001,"10A","NVT",35
"6999_3#4",2001,"6A","VT",64
"6999_3#12",2001,"6A","VT",64
"6999_3#18",2001,"6A","VT",64
"6999_4#4",2001,"6A","VT",64
"6999_4#14",2001,"6A","VT",64
"6999_4#17",2001,"35F","NVT",36
"6999_4#19",2001,"6A","VT",64
"6999_6#12",2001,"10A","NVT",35
"6999_6#15",2001,"6A","VT",64
"6999_7#3",2001,"6A","VT",64
"7553_4#15",2007,"6A","VT",64
"7553_4#21",2007,"35F","NVT",36
"7553_4#40",2007,"10A","NVT",35
"7553_5#49",2007,"35F","NVT",36
"7553_5#66",2007,"35F","NVT",36
"7553_5#69",2007,"10A","NVT",36
"7553_5#88",2007,"35F","NVT",36
"7622_2#27",2007,"35F","NVT",36
"7622_2#34",2007,"35F","NVT",36
"7622_3#64",2007,"10A","NVT",36
"7622_3#66",2007,"35F","NVT",36
"7622_3#89",2007,"35F","NVT",36
"7622_4#6",2007,"10A","NVT",36
"7622_4#12",2007,"35F","NVT",36
"7622_4#38",2007,"10A","NVT",36
"7622_4#44",2007,"10A","NVT",36
"7622_5#79",2007,"10A","NVT",36
"7622_5#81",2007,"10A","NVT",35
"6999_7#15",2001,"6A","VT",64
"6925_1#70",2004,"11A","NVT",3
"6925_2#73",2004,"11A","NVT",3
"6925_2#89",2004,"11A","NVT",3
"6952_4#12",2001,"11A","NVT",3
"6952_7#9",2004,"11A","NVT",3
"7001_1#3",2004,"11A","NVT",3
"7001_1#4",2004,"11A","NVT",3
"7001_1#18",2004,"11A","NVT",3
"7001_3#12",2004,"11A","NVT",3
"7001_3#13",2004,"11A","NVT",3
"7001_3#18",2004,"11A","NVT",3
"7001_3#19",2004,"11A","NVT",3
"6999_1#20",2004,"11A","NVT",3
"6999_2#2",2004,"11A","NVT",3
"6999_2#8",2004,"11A","NVT",3
"6999_2#22",2004,"11A","NVT",3
"6999_4#1",2001,"11A","NVT",3
"6999_4#9",2001,"11A","NVT",3
"6999_6#4",2001,"11A","NVT",3
"6999_6#7",2001,"11A","NVT",3
"6999_7#2",2001,"11A","NVT",3
"6999_7#17",2001,"11A","NVT",3
"6999_7#19",2001,"11A","NVT",3
"7553_4#24",2007,"11A","NVT",3
"7553_4#26",2007,"11A","NVT",3
"7553_4#30",2007,"11A","NVT",3
"7553_5#52",2007,"11A","NVT",3
"7553_5#75",2007,"11A","NVT",3
"7553_5#80",2007,"11A","NVT",3
"7553_5#82",2007,"11A","NVT",3
"7553_5#86",2007,"11A","NVT",3
"7622_2#13",2007,"11A","NVT",3
"7622_2#44",2007,"11A","NVT",3
"7622_3#55",2007,"11A","NVT",3
"7622_3#56",2007,"11A","NVT",3
"7622_3#69",2007,"11A","NVT",3
"7622_4#7",2007,"11A","NVT",3
"7622_4#11",2007,"11A","NVT",3
"7622_4#17",2007,"11A","NVT",3
"7622_4#19",2007,"11A","NVT",3
"7622_4#34",2007,"11A","NVT",3
"7622_4#39",2007,"11A","NVT",3
"7622_5#57",2007,"11A","NVT",3
"7622_5#58",2007,"11A","NVT",3
"7622_5#90",2007,"11A","NVT",3
"7622_5#91",2007,"11A","NVT",3
"7622_5#94",2007,"11A","NVT",3
"7622_5#95",2007,"11A","NVT",3
"6925_1#55",2004,"15A","NVT",9
"6925_1#59",2004,"15A","NVT",9
"6925_2#83",2004,"15A","NVT",9
"6925_2#95",2004,"15A","NVT",9
"6952_7#19",2004,"15A","NVT",9
"7001_2#21",2004,"15A","NVT",9
"7001_2#23",2004,"15A","NVT",9
"7001_3#4",2004,"15A","NVT",9
"7001_3#14",2004,"15A","NVT",9
"7001_3#21",2004,"15A","NVT",9
"6999_1#16",2004,"19A","NVT",9
"6999_2#19",2004,"15A","NVT",9
"6999_2#20",2004,"15A","NVT",9
"7553_4#5",2007,"19A","NVT",9
"7553_4#23",2007,"15A","NVT",9
"7553_4#33",2007,"15A","NVT",9
"7553_5#56",2007,"15A","NVT",9
"7553_5#58",2007,"15A","NVT",9
"7553_5#67",2007,"15A","NVT",9
"7553_5#84",2007,"15A","NVT",9
"7622_2#2",2007,"15A","NVT",9
"7622_2#30",2007,"15A","NVT",9
"7622_2#36",2007,"15A","NVT",9
"7622_2#37",2007,"15A","NVT",9
"7622_5#78",2007,"15A","NVT",9
"6930_8#6",2004,"22F","NVT",19
"6930_8#11",2004,"22F","NVT",19
"6952_7#6",2004,"22F","NVT",19
"7001_1#5",2004,"22F","NVT",19
"7001_1#13",2004,"22F","NVT",19
"7001_1#14",2004,"22F","NVT",19
"7001_3#9",2004,"22F","NVT",19
"6999_1#4",2004,"22F","NVT",19
"6999_1#6",2004,"22F","NVT",19
"6999_3#10",2001,"22F","NVT",19
"6999_4#16",2001,"22F","NVT",19
"6999_5#4",2001,"22F","NVT",19
"6999_5#9",2001,"22F","NVT",19
"6999_7#16",2001,"22F","NVT",19
"7553_4#32",2007,"22F","NVT",19
"7553_4#44",2007,"22F","NVT",19
"7553_5#91",2007,"22F","NVT",19
"7553_6#6",2007,"22F","NVT",19
"7622_3#72",2007,"22F","NVT",19
"7622_4#36",2007,"22F","NVT",19
"7622_5#84",2007,"22F","NVT",19
"6925_1#63",2004,"9V","VT",6
"6930_8#10",2004,"9V","VT",6
"7001_1#16",2004,"19A","NVT",6
"7001_2#5",2004,"15B/C","NVT",6
"6999_2#9",2004,"19A","NVT",6
"6999_6#2",2001,"9V","VT",6
"7553_6#8",2001,"9V","VT",6
"7622_2#29",2007,"11A","NVT",6
"7622_3#53",2007,"9V","VT",6
"7622_3#81",2007,"19A","NVT",6
"7622_4#24",2007,"15B/C","NVT",6
"7622_5#62",2007,"15B/C","NVT",6
"7622_5#75",2007,"19A","NVT",6
"7622_5#76",2007,"15B/C","NVT",6
"6999_6#21",2001,"9V","VT",6
"6925_1#65",2004,"23A","NVT",5
"7001_2#18",2004,"23A","NVT",5
"6999_2#3",2004,"23A","NVT",5
"7553_4#11",2007,"23B","NVT",5
"7553_4#19",2007,"23A","NVT",5
"7553_5#70",2007,"15B/C","NVT",132
"7553_5#72",2007,"15B/C","NVT",132
"7553_5#78",2007,"15B/C","NVT",132
"7553_5#81",2007,"15B/C","NVT",132
"7553_5#92",2007,"23A","NVT",5
"7553_6#7",2007,"15B/C","NVT",132
"7622_2#18",2007,"23A","NVT",5
"7622_2#19",2007,"23B","NVT",5
"7622_3#93",2007,"23A","NVT",5
"7622_4#37",2007,"23A","NVT",5
"7622_4#47",2007,"23A","NVT",5
"7622_5#56",2007,"23A","NVT",5
"7622_5#93",2007,"23A","NVT",5
"6952_7#2",2004,"7F","NVT",15
"6999_2#13",2004,"7F","NVT",15
"7553_4#8",2007,"7F","NVT",15
"7553_4#12",2007,"7F","NVT",15
"7553_4#27",2007,"7F","NVT",15
"7553_5#60",2007,"7F","NVT",15
"7553_5#76",2007,"7F","NVT",15
"7553_5#96",2007,"7F","NVT",15
"7622_2#43",2007,"7F","NVT",15
"7622_3#49",2007,"7F","NVT",15
"6925_1#49",2004,"15B/C","NVT",4
"6925_1#50",2004,"15B/C","NVT",4
"6925_1#53",2004,"15B/C","NVT",4
"6925_1#67",2004,"19A","NVT",4
"6925_2#80",2004,"19A","NVT",4
"6925_2#82",2004,"15F","NVT",4
"6925_2#86",2004,"19A","NVT",4
"6925_2#91",2004,"19A","NVT",4
"6930_8#5",2004,"15B/C","NVT",4
"6930_8#8",2004,"15B/C","NVT",4
"6952_4#18",2001,"15B/C","NVT",4
"6952_4#20",2001,"15B/C","NVT",4
"6952_4#23",2001,"15B/C","NVT",4
"6952_7#1",2004,"15B/C","NVT",4
"6952_7#15",2004,"15B/C","NVT",4
"7001_1#2",2004,"19A","NVT",4
"7001_2#3",2004,"19A","NVT",4
"7001_2#6",2004,"19A","NVT",4
"7001_2#12",2004,"19A","NVT",4
"7001_2#19",2004,"19A","NVT",4
"7001_3#6",2004,"15B/C","NVT",4
"7001_3#10",2004,"15B/C","NVT",4
"7001_3#16",2004,"15B/C","NVT",4
"7001_3#17",2004,"15B/C","NVT",4
"7001_3#22",2004,"15B/C","NVT",4
"6999_1#2",2004,"19A","NVT",4
"6999_1#5",2004,"15B/C","NVT",4
"6999_1#9",2004,"15B/C","NVT",4
"6999_1#14",2004,"19A","NVT",4
"6999_1#22",2004,"15B/C","NVT",4
"6999_1#23",2004,"15B/C","NVT",4
"6999_2#6",2004,"15B/C","NVT",4
"6999_2#12",2004,"19A","NVT",4
"6999_3#17",2001,"19A","NVT",4
"6999_3#23",2001,"15B/C","NVT",4
"6999_4#2",2001,"19A","NVT",4
"6999_4#7",2001,"7C","NVT",4
"6999_4#10",2001,"15B/C","NVT",4
"6999_4#20",2001,"19A","NVT",4
"6999_4#23",2001,"15B/C","NVT",4
"6999_5#2",2001,"19A","NVT",4
"6999_5#7",2001,"19A","NVT",4
"6999_5#20",2001,"19A","NVT",4
"6999_5#21",2001,"15B/C","NVT",4
"6999_5#22",2001,"19A","NVT",4
"6999_6#8",2001,"19A","NVT",4
"6999_6#20",2001,"19A","NVT",4
"6999_7#8",2001,"15B/C","NVT",4
"6999_7#9",2001,"15B/C","NVT",4
"6999_7#11",2001,"19A","NVT",4
"6999_7#13",2001,"15B/C","NVT",4
"7553_4#4",2007,"15F","NVT",4
"7553_4#9",2007,"15B/C","NVT",4
"7553_4#13",2007,"15B/C","NVT",4
"7553_4#18",2007,"19A","NVT",4
"7553_4#35",2007,"15F","NVT",4
"7553_4#47",2007,"15B/C","NVT",4
"7553_5#51",2007,"15B/C","NVT",4
"7553_5#53",2007,"19A","NVT",4
"7553_5#54",2007,"19A","NVT",4
"7553_5#64",2007,"19A","NVT",4
"7553_5#65",2007,"19A","NVT",4
"7553_5#68",2007,"19A","NVT",4
"7553_5#79",2007,"19A","NVT",4
"7553_6#1",2007,"15B/C","NVT",4
"7553_6#3",2007,"19A","NVT",4
"7622_2#1",2007,"19A","NVT",4
"7622_2#8",2007,"15B/C","NVT",4
"7622_2#9",2007,"15B/C","NVT",4
"7622_2#10",2007,"15B/C","NVT",4
"7622_2#22",2007,"15B/C","NVT",4
"7622_2#35",2007,"19A","NVT",4
"7622_2#39",2007,"19A","NVT",4
"7622_2#48",2007,"19A","NVT",4
"7622_3#57",2007,"15B/C","NVT",4
"7622_3#67",2007,"15B/C","NVT",4
"7622_3#84",2007,"19A","NVT",4
"7622_3#88",2007,"19A","NVT",4
"7622_3#94",2007,"19A","NVT",4
"7622_3#96",2007,"19A","NVT",4
"7622_4#1",2007,"15B/C","NVT",4
"7622_4#3",2007,"19A","NVT",4
"7622_4#5",2007,"15B/C","NVT",4
"7622_4#9",2007,"15B/C","NVT",4
"7622_4#20",2007,"19A","NVT",4
"7622_4#22",2007,"19A","NVT",4
"7622_4#29",2007,"15B/C","NVT",4
"7622_4#33",2007,"19A","NVT",4
"7622_4#40",2007,"19A","NVT",4
"7622_5#50",2007,"19A","NVT",4
"7622_5#54",2007,"15B/C","NVT",4
"7622_5#55",2007,"15B/C","NVT",4
"7622_5#63",2007,"19A","NVT",4
"7622_5#66",2007,"15B/C","NVT",4
"7622_5#70",2007,"15B/C","NVT",4
"7622_5#77",2007,"19A","NVT",4
"7622_5#87",2007,"15F","NVT",4
"7622_5#89",2007,"19A","NVT",4
"6925_1#68",2004,"23A","NVT",7
"6925_1#69",2004,"23A","NVT",7
"6925_2#74",2004,"23A","NVT",7
"6925_2#76",2004,"23A","NVT",7
"6925_2#85",2004,"23A","NVT",7
"6925_2#94",2004,"23F","VT",7
"6930_8#7",2004,"23F","VT",7
"6930_8#13",2004,"23B","NVT",7
"6930_8#14",2004,"23B","NVT",7
"6930_8#16",2004,"23B","NVT",7
"6930_8#23",2004,"23F","VT",7
"6952_4#3",2001,"23F","VT",7
"6952_4#14",2001,"23F","VT",7
"6952_7#8",2004,"23B","NVT",7
"6952_7#14",2004,"23A","NVT",7
"6952_7#17",2004,"23A","NVT",7
"6952_7#21",2004,"23F","VT",7
"7001_2#10",2004,"23B","NVT",7
"7001_2#22",2004,"23A","NVT",7
"6999_1#12",2004,"23B","NVT",7
"6999_3#8",2001,"23F","VT",7
"6999_3#15",2001,"23F","VT",7
"6999_5#3",2001,"23F","VT",7
"6999_5#6",2001,"23A","NVT",7
"6999_5#16",2001,"23F","VT",7
"6999_6#3",2001,"23F","VT",7
"6999_6#5",2001,"23B","NVT",7
"6999_6#10",2001,"18C","VT",7
"6999_7#10",2001,"23F","VT",7
"7553_4#3",2007,"23B","NVT",7
"7553_4#22",2007,"23B","NVT",7
"7553_4#29",2007,"23B","NVT",7
"7553_5#71",2007,"23A","NVT",7
"7622_2#5",2007,"23B","NVT",7
"7622_2#28",2007,"23B","NVT",7
"7622_2#31",2007,"23A","NVT",7
"7622_2#41",2007,"23A","NVT",7
"7622_3#52",2007,"23A","NVT",7
"7622_3#58",2007,"23A","NVT",7
"7622_3#74",2007,"23A","NVT",7
"7622_3#76",2007,"23B","NVT",7
"7622_3#82",2007,"23A","NVT",7
"7622_3#83",2007,"23B","NVT",7
"7622_3#92",2007,"23A","NVT",7
"7622_4#2",2007,"23B","NVT",7
"7622_4#13",2007,"23A","NVT",7
"7622_4#21",2007,"23A","NVT",7
"7622_4#26",2007,"23A","NVT",7
"7622_4#27",2007,"23B","NVT",7
"7622_4#35",2007,"23B","NVT",7
"7622_4#41",2007,"23B","NVT",7
"7622_5#51",2007,"23B","NVT",7
"7622_5#72",2007,"23B","NVT",7
"7622_5#85",2007,"23A","NVT",7
"7622_5#88",2007,"23B","NVT",7
"6999_7#6",2001,"23A","NVT",7
"6925_1#60",2004,"6C","NVT",111
"6925_2#90",2004,"6C","NVT",111
"7001_1#12",2004,"6C","NVT",111
"7001_1#15",2004,"6C","NVT",111
"7001_2#20",2004,"6C","NVT",111
"6999_4#15",2001,"6C","NVT",111
"7553_4#16",2007,"6C","NVT",111
"7553_4#38",2007,"6C","NVT",111
"7553_4#48",2007,"6C","NVT",111
"7553_6#5",2007,"6C","NVT",111
"7622_2#15",2007,"6C","NVT",111
"7622_4#32",2007,"6C","NVT",111
"7622_5#49",2007,"6C","NVT",111
"7622_5#83",2007,"6C","NVT",111
"6999_6#14",2001,"6C","NVT",111
"6925_1#62",2004,"35B","NVT",59
"6925_2#87",2004,"35B","NVT",59
"6925_2#92",2004,"35B","NVT",59
"6930_8#19",2004,"35B","NVT",59
"6952_7#3",2004,"35B","NVT",59
"6952_7#4",2004,"35B","NVT",59
"6952_7#11",2004,"35B","NVT",59
"7001_1#6",2004,"35B","NVT",59
"7001_1#10",2004,"35B","NVT",59
"7001_1#20",2004,"35B","NVT",59
"7001_2#14",2004,"35B","NVT",59
"7001_3#1",2004,"35B","NVT",59
"7001_3#5",2004,"35B","NVT",59
"6999_1#21",2004,"35B","NVT",59
"6999_2#21",2004,"35B","NVT",59
"6999_2#23",2004,"35B","NVT",59
"6999_3#5",2001,"35B","NVT",59
"6999_3#21",2001,"35B","NVT",59
"6999_7#14",2001,"35B","NVT",59
"7553_4#20",2007,"35B","NVT",59
"7553_4#25",2007,"35B","NVT",59
"7553_4#34",2007,"35B","NVT",59
"7553_5#57",2007,"35B","NVT",59
"7553_5#59",2007,"35B","NVT",59
"7553_5#61",2007,"35B","NVT",59
"7553_5#63",2007,"35B","NVT",59
"7553_5#74",2007,"35B","NVT",59
"7553_5#77",2007,"35B","NVT",59
"7553_5#83",2007,"35B","NVT",59
"7553_5#85",2007,"35B","NVT",59
"7553_6#4",2007,"35B","NVT",59
"7622_2#11",2007,"35B","NVT",59
"7622_3#50",2007,"35B","NVT",59
"7622_3#62",2007,"35B","NVT",59
"7622_3#63",2007,"35B","NVT",59
"7622_3#65",2007,"35B","NVT",59
"7622_3#75",2007,"35B","NVT",59
"7622_3#80",2007,"35B","NVT",59
"7622_3#95",2007,"35B","NVT",59
"7622_4#14",2007,"35B","NVT",59
"7622_4#23",2007,"35B","NVT",59
"7622_4#28",2007,"35B","NVT",59
"7622_4#43",2007,"35B","NVT",59
"7622_5#53",2007,"35B","NVT",59
"7622_5#59",2007,"35B","NVT",59
"7622_5#80",2007,"35B","NVT",59
"6925_1#51",2004,"NT","NVT",60
"6925_1#58",2004,"NT","NVT",60
"6930_8#9",2004,"NT","NVT",60
"6952_4#13",2001,"NT","NVT",60
"6952_4#22",2001,"NT","NVT",60
"7553_5#62",2007,"NT","NVT",60
"7622_4#10",2007,"NT","NVT",60
"6930_8#21",2004,"6A","VT",13
"6952_4#1",2001,"6A","VT",13
"6952_7#20",2004,"6A","VT",13
"7001_1#19",2004,"6A","VT",13
"7001_1#22",2004,"6A","VT",13
"7001_1#23",2004,"6B","VT",13
"7001_3#15",2004,"6A","VT",13
"6999_2#4",2004,"6A","VT",13
"6999_2#5",2004,"6A","VT",13
"6999_3#6",2001,"6A","VT",13
"6999_3#13",2001,"6A","VT",13
"6999_4#8",2001,"6A","VT",13
"6999_5#10",2001,"6A","VT",13
"6999_5#14",2001,"6A","VT",13
"6999_7#7",2001,"6A","VT",13
"7553_4#7",2007,"6C","NVT",13
"7622_2#3",2007,"6C","NVT",13
"7622_3#68",2007,"6A","VT",13
"7622_3#91",2007,"6C","NVT",13
"6952_4#11",2001,"6A","VT",97
"6952_7#7",2004,"6A","VT",97
"6952_7#10",2004,"6A","VT",97
"6999_1#18",2004,"6A","VT",97
"6999_3#16",2001,"6A","VT",97
"6999_3#19",2001,"6A","VT",97
"6999_4#12",2001,"6A","VT",97
"6999_5#13",2001,"6A","VT",97
"7553_5#87",2007,"6A","VT",97
"7553_6#2",2007,"6A","VT",97
"7622_4#8",2007,"6A","VT",97
"6999_7#5",2001,"6A","VT",97
"6925_2#77",2004,"19F","VT",1
"6952_4#21",2001,"19F","VT",1
"7001_1#8",2004,"19F","VT",1
"7001_1#17",2004,"19F","VT",1
"7001_1#21",2004,"19F","VT",1
"7001_3#7",2004,"19F","VT",1
"7001_3#8",2004,"19F","VT",1
"6999_1#17",2004,"19F","VT",1
"6999_2#1",2004,"19F","VT",1
"6999_2#15",2004,"19A","NVT",1
"6999_4#11",2001,"19F","VT",1
"6999_5#17",2001,"19F","VT",1
"6999_5#19",2001,"19F","VT",1
"6999_7#22",2001,"19F","VT",1
"6999_7#23",2001,"19F","VT",1
"7553_4#6",2007,"19A","NVT",1
"7553_4#17",2007,"19A","NVT",1
"7553_4#39",2007,"19A","NVT",1
"7622_2#7",2007,"19A","NVT",1
"7622_2#12",2007,"19A","NVT",1
"7622_2#25",2007,"19A","NVT",1
"7622_2#38",2007,"19F","VT",1
"7622_3#51",2007,"19A","NVT",1
"7622_3#54",2007,"19F","VT",1
"7622_5#73",2007,"19A","NVT",1
"7001_1#1",2004,"3","NVT",12
"7001_1#7",2004,"3","NVT",12
"7001_2#1",2004,"3","NVT",12
"6999_1#7",2004,"3","NVT",12
"6999_1#19",2004,"3","NVT",12
"6999_2#11",2004,"3","NVT",12
"6999_3#20",2001,"3","NVT",12
"6999_3#22",2001,"3","NVT",12
"6999_7#12",2001,"3","NVT",12
"7622_5#60",2007,"3","NVT",12
"7622_5#92",2007,"3","NVT",12
"6925_1#71",2004,"NT","NVT",89
"6925_2#79",2004,"6C","NVT",89
"6999_4#6",2001,"6C","NVT",89
"7553_4#1",2007,"6C","NVT",89
"7553_4#37",2007,"6C","NVT",89
"7553_5#50",2007,"6C","NVT",89
"7553_5#89",2007,"6C","NVT",89
"7553_5#94",2007,"6C","NVT",89
"7622_2#24",2007,"6C","NVT",89
"7622_3#87",2007,"6C","NVT",89
"7622_4#25",2007,"6C","NVT",89
"6952_4#17",2001,"6B","VT",24
"6952_4#19",2001,"6B","VT",24
"7001_3#2",2004,"23F","VT",24
"6999_1#3",2004,"6B","VT",24
"6999_1#11",2004,"6B","VT",24
"6999_5#5",2001,"6B","VT",24
"6999_5#12",2001,"6B","VT",24
"6999_6#1",2001,"6B","VT",24
"7622_4#48",2007,"6C","NVT",24
"7622_5#52",2007,"6B","VT",24
"6925_1#64",2004,"38","NVT",38
"6925_2#84",2004,"38","NVT",38
"7001_3#11",2004,"38","NVT",38
"6999_4#22",2001,"38","NVT",38
"6999_5#1",2001,"38","NVT",38
"7622_2#16",2007,"38","NVT",38
"7622_2#32",2007,"38","NVT",38
"7622_4#4",2007,"38","NVT",38
"7622_5#68",2007,"38","NVT",38
"7622_2#4",2007,"19A","NVT",27
"7622_2#6",2007,"19A","NVT",27
"7622_3#59",2007,"19A","NVT",27
"7622_3#79",2007,"19A","NVT",27
"7622_4#16",2007,"19A","NVT",27
"7622_4#18",2007,"19A","NVT",27
"7622_5#82",2007,"19A","NVT",27
"7622_5#96",2007,"19A","NVT",27
"6925_1#66",2004,"34","NVT",45
"6952_4#7",2001,"34","NVT",45
"7001_1#9",2004,"6C","NVT",45
"7001_2#11",2004,"34","NVT",45
"7553_4#14",2007,"6C","NVT",45
"7622_2#14",2007,"34","NVT",45
"7622_2#42",2007,"34","NVT",45
"6952_4#4",2001,"14","VT",39
"6999_3#1",2004,"14","VT",39
"6999_3#2",2004,"14","VT",39
"6999_4#21",2001,"14","VT",39
"6999_6#9",2001,"14","VT",39
"6999_6#19",2001,"14","VT",39
"6999_7#4",2001,"14","VT",39
"6952_7#13",2004,"33F","NVT",3
"7001_2#2",2004,"18C","VT",3
"7001_2#16",2004,"33F","NVT",3
"6999_5#15",2001,"33F","NVT",3
"7553_4#41",2007,"33F","NVT",3
"7622_5#65",2007,"33F","NVT",3
"6999_6#17",2001,"18C","VT",3
"6925_1#57",2004,"6B","VT",23
"6952_4#5",2001,"6B","VT",23
"6999_3#7",2001,"6B","VT",23
"6999_5#8",2001,"6B","VT",23
"6999_6#16",2001,"6B","VT",23
"6999_6#22",2001,"6B","VT",23
"6999_7#18",2001,"6B","VT",23
"7001_2#9",2004,"19F","VT",18
"7622_2#23",2007,"7C","NVT",18
"7622_3#70",2007,"19F","VT",18
"7622_3#71",2007,"19F","VT",18
"7622_5#67",2007,"7C","NVT",18
"7622_5#86",2007,"19F","VT",18
"6925_2#75",2004,"17F","NVT",49
"7553_4#2",2007,"17F","NVT",49
"7553_4#42",2007,"17F","NVT",49
"7553_5#90",2007,"17F","NVT",49
"7622_3#86",2007,"21","NVT",99
"6925_1#52",2004,"31","NVT",57
"7553_5#95",2007,"31","NVT",57
"7622_2#33",2007,"31","NVT",57
"7622_4#15",2007,"31","NVT",57
"7001_1#11",2004,"NT","NVT",81
"6999_6#6",2001,"NT","NVT",81
"6999_7#21",2001,"NT","NVT",81
"6999_5#11",2001,"23F","VT",16
"6999_5#23",2001,"23F","VT",16
"6999_7#1",2001,"23F","VT",16
"6999_4#18",2001,"9N","NVT",32
"7553_4#10",2007,"9N","NVT",32
"7622_2#40",2007,"7F","NVT",32
"6925_2#78",2004,"18C","VT",50
"6999_1#13",2004,"18C","VT",50
"6999_3#11",2001,"18C","VT",50
"7622_2#20",2007,"6C","NVT",29
"7622_5#74",2007,"6C","NVT",29
"6952_4#6",2001,"9N","NVT",16
"7622_4#42",2007,"9N","NVT",16
"6952_7#23",2004,"19A","NVT",10
"7553_4#36",2007,"17F","NVT",10
"7622_5#61",2007,"16F","NVT",46
"7553_4#28",2007,"15B/C","NVT",48
"7001_2#4",2004,"NT","NVT",18
"7622_2#47",2007,"NT","NVT",397
"7622_3#78",2007,"NT","NVT",397
"6999_6#18",2001,"37","NVT",123
"7622_4#31",2007,"37","NVT",123
"6925_1#56",2004,"19A","NVT",14
"6930_8#20",2004,"6A","VT",14
"6999_3#14",2001,"23F","VT",14
"6999_7#20",2001,"6B","VT",47
