"","Isolate.Name","Accession.Code","Population","Year.of.Isolation","Serotype","Vaccine.Type","filename"
"1","R34-3043","ERR065299","Massachusetts",2004,"19F","VT","6925_1#61"
"2","R34-3062","ERR065318","Massachusetts",2004,"16F","NVT","6925_2#81"
"3","R34-3070","ERR065325","Massachusetts",2004,"19F","VT","6925_2#88"
"4","R34-3023","ERR065349","Massachusetts",2004,"35B","NVT","6930_8#17"
"5","R34-3028","ERR065354","Massachusetts",2004,"19F","VT","6930_8#22"
"6","439699","ERR065960","Massachusetts",2001,"19F","VT","6952_4#8"
"7","R34-3176","ERR067975","Massachusetts",2004,"34","NVT","6952_7#16"
"8","R34-3122","ERR068022","Massachusetts",2004,"35B","NVT","7001_2#17"
"9","R34-3137","ERR068031","Massachusetts",2004,"19F","VT","7001_3#3"
"10","R34-3193","ERR069692","Massachusetts",2004,"19F","VT","6999_1#10"
"11","R34-3198","ERR069697","Massachusetts",2004,"19F","VT","6999_1#15"
"12","R34-3223","ERR069722","Massachusetts",2004,"35B","NVT","6999_2#17"
"13","R34-3224","ERR069723","Massachusetts",2004,"19F","VT","6999_2#18"
"14","027999","ERR069737","Massachusetts",2001,"19F","VT","6999_3#9"
"15","110093","ERR069764","Massachusetts",2001,"6A","VT","6999_4#13"
"16","209464","ERR069792","Massachusetts",2001,"19F","VT","6999_5#18"
"17","277394","ERR069808","Massachusetts",2001,"11A","NVT","6999_6#11"
"18","284968","ERR069810","Massachusetts",2001,"19F","VT","6999_6#13"
"19","333793","ERR069820","Massachusetts",2001,"15A","NVT","6999_6#23"
"20","M66VO","ERR124247","Massachusetts",2007,"16F","NVT","7553_4#31"
"21","2Y1CQ","ERR124271","Massachusetts",2007,"16F","NVT","7553_5#55"
"22","RD7KX","ERR124289","Massachusetts",2007,"16F","NVT","7553_5#73"
"23","BA5TC","ERR124309","Massachusetts",2007,"16F","NVT","7553_5#93"
"24","X703J","ERR129041","Massachusetts",2007,"16F","NVT","7622_2#17"
"25","DALR8","ERR129045","Massachusetts",2007,"19F","VT","7622_2#21"
"26","SQADW","ERR129050","Massachusetts",2007,"19F","VT","7622_2#26"
"27","7NA98","ERR129084","Massachusetts",2007,"19A","NVT","7622_3#60"
"28","SHTPB","ERR129184","Massachusetts",2007,"16F","NVT","7622_5#64"
"29","R34-3035","ERR065292","Massachusetts",2004,"6A","VT","6925_1#54"
"30","R34-3075","ERR065330","Massachusetts",2004,"6A","VT","6925_2#93"
"31","R34-3018","ERR065344","Massachusetts",2004,"6A","VT","6930_8#12"
"32","R34-3021","ERR065347","Massachusetts",2004,"10A","NVT","6930_8#15"
"33","R34-3024","ERR065350","Massachusetts",2004,"10A","NVT","6930_8#18"
"34","446376","ERR065962","Massachusetts",2001,"6A","VT","6952_4#10"
"35","472699","ERR065967","Massachusetts",2001,"6A","VT","6952_4#15"
"36","473937","ERR065968","Massachusetts",2001,"35F","NVT","6952_4#16"
"37","R34-3166","ERR067964","Massachusetts",2004,"6A","VT","6952_7#5"
"38","R34-3178","ERR067977","Massachusetts",2004,"35F","NVT","6952_7#18"
"39","R34-3182","ERR067981","Massachusetts",2004,"10A","NVT","6952_7#22"
"40","R34-3111","ERR068012","Massachusetts",2004,"10A","NVT","7001_2#7"
"41","R34-3112","ERR068013","Massachusetts",2004,"35F","NVT","7001_2#8"
"42","R34-3118","ERR068018","Massachusetts",2004,"35F","NVT","7001_2#13"
"43","R34-3120","ERR068020","Massachusetts",2004,"35F","NVT","7001_2#15"
"44","R34-3157","ERR068048","Massachusetts",2004,"10A","NVT","7001_3#20"
"45","R34-3184","ERR069683","Massachusetts",2004,"10A","NVT","6999_1#1"
"46","R34-3191","ERR069690","Massachusetts",2004,"35F","NVT","6999_1#8"
"47","R34-3213","ERR069712","Massachusetts",2004,"35F","NVT","6999_2#7"
"48","R34-3216","ERR069715","Massachusetts",2004,"35F","NVT","6999_2#10"
"49","R34-3220","ERR069719","Massachusetts",2004,"6A","VT","6999_2#14"
"50","R34-3222","ERR069721","Massachusetts",2004,"6A","VT","6999_2#16"
"51","001334","ERR069731","Massachusetts",2001,"10A","NVT","6999_3#3"
"52","001996","ERR069732","Massachusetts",2001,"6A","VT","6999_3#4"
"53","042397","ERR069740","Massachusetts",2001,"6A","VT","6999_3#12"
"54","062031","ERR069746","Massachusetts",2001,"6A","VT","6999_3#18"
"55","089848","ERR069755","Massachusetts",2001,"6A","VT","6999_4#4"
"56","118039","ERR069765","Massachusetts",2001,"6A","VT","6999_4#14"
"57","127530","ERR069768","Massachusetts",2001,"35F","NVT","6999_4#17"
"58","135631","ERR069770","Massachusetts",2001,"6A","VT","6999_4#19"
"59","279388","ERR069809","Massachusetts",2001,"10A","NVT","6999_6#12"
"60","299801","ERR069812","Massachusetts",2001,"6A","VT","6999_6#15"
"61","336850","ERR069823","Massachusetts",2001,"6A","VT","6999_7#3"
"62","CV6JA","ERR124231","Massachusetts",2007,"6A","VT","7553_4#15"
"63","4HUA7","ERR124237","Massachusetts",2007,"35F","NVT","7553_4#21"
"64","N6I98","ERR124256","Massachusetts",2007,"10A","NVT","7553_4#40"
"65","BL0SN","ERR124265","Massachusetts",2007,"35F","NVT","7553_5#49"
"66","B50V6","ERR124282","Massachusetts",2007,"35F","NVT","7553_5#66"
"67","G2Z0B","ERR124285","Massachusetts",2007,"10A","NVT","7553_5#69"
"68","UVVWA","ERR124304","Massachusetts",2007,"35F","NVT","7553_5#88"
"69","7C7G1","ERR129051","Massachusetts",2007,"35F","NVT","7622_2#27"
"70","0CNYC","ERR129058","Massachusetts",2007,"35F","NVT","7622_2#34"
"71","5Z52R","ERR129088","Massachusetts",2007,"10A","NVT","7622_3#64"
"72","NIPQY","ERR129090","Massachusetts",2007,"35F","NVT","7622_3#66"
"73","Q7F26","ERR129113","Massachusetts",2007,"35F","NVT","7622_3#89"
"74","N5O68","ERR129126","Massachusetts",2007,"10A","NVT","7622_4#6"
"75","4D0HZ","ERR129132","Massachusetts",2007,"35F","NVT","7622_4#12"
"76","RUJ90","ERR129158","Massachusetts",2007,"10A","NVT","7622_4#38"
"77","29ORI","ERR129164","Massachusetts",2007,"10A","NVT","7622_4#44"
"78","RN3X8","ERR129199","Massachusetts",2007,"10A","NVT","7622_5#79"
"79","PKMM4","ERR129201","Massachusetts",2007,"10A","NVT","7622_5#81"
"80","383739","ERR069835","Massachusetts",2001,"6A","VT","6999_7#15"
"81","R34-3052","ERR065308","Massachusetts",2004,"11A","NVT","6925_1#70"
"82","R34-3054","ERR065310","Massachusetts",2004,"11A","NVT","6925_2#73"
"83","R34-3071","ERR065326","Massachusetts",2004,"11A","NVT","6925_2#89"
"84","459747","ERR065964","Massachusetts",2001,"11A","NVT","6952_4#12"
"85","R34-3170","ERR067968","Massachusetts",2004,"11A","NVT","6952_7#9"
"86","R34-3080","ERR067985","Massachusetts",2004,"11A","NVT","7001_1#3"
"87","R34-3081","ERR067986","Massachusetts",2004,"11A","NVT","7001_1#4"
"88","R34-3095","ERR068000","Massachusetts",2004,"11A","NVT","7001_1#18"
"89","R34-3147","ERR068040","Massachusetts",2004,"11A","NVT","7001_3#12"
"90","R34-3149","ERR068041","Massachusetts",2004,"11A","NVT","7001_3#13"
"91","R34-3155","ERR068046","Massachusetts",2004,"11A","NVT","7001_3#18"
"92","R34-3156","ERR068047","Massachusetts",2004,"11A","NVT","7001_3#19"
"93","R34-3203","ERR069702","Massachusetts",2004,"11A","NVT","6999_1#20"
"94","R34-3208","ERR069707","Massachusetts",2004,"11A","NVT","6999_2#2"
"95","R34-3214","ERR069713","Massachusetts",2004,"11A","NVT","6999_2#8"
"96","R34-3228","ERR069727","Massachusetts",2004,"11A","NVT","6999_2#22"
"97","074124","ERR069752","Massachusetts",2001,"11A","NVT","6999_4#1"
"98","102720","ERR069760","Massachusetts",2001,"11A","NVT","6999_4#9"
"99","242588","ERR069801","Massachusetts",2001,"11A","NVT","6999_6#4"
"100","263137","ERR069804","Massachusetts",2001,"11A","NVT","6999_6#7"
"101","335574","ERR069822","Massachusetts",2001,"11A","NVT","6999_7#2"
"102","386329","ERR069837","Massachusetts",2001,"11A","NVT","6999_7#17"
"103","389109","ERR069839","Massachusetts",2001,"11A","NVT","6999_7#19"
"104","8G3XE","ERR124240","Massachusetts",2007,"11A","NVT","7553_4#24"
"105","T14BF","ERR124242","Massachusetts",2007,"11A","NVT","7553_4#26"
"106","F7IXH","ERR124246","Massachusetts",2007,"11A","NVT","7553_4#30"
"107","RAV85","ERR124268","Massachusetts",2007,"11A","NVT","7553_5#52"
"108","RQ6NH","ERR124291","Massachusetts",2007,"11A","NVT","7553_5#75"
"109","6CO3C","ERR124296","Massachusetts",2007,"11A","NVT","7553_5#80"
"110","XCJ97","ERR124298","Massachusetts",2007,"11A","NVT","7553_5#82"
"111","28I7H","ERR124302","Massachusetts",2007,"11A","NVT","7553_5#86"
"112","FP9DM","ERR129037","Massachusetts",2007,"11A","NVT","7622_2#13"
"113","E4NSI","ERR129068","Massachusetts",2007,"11A","NVT","7622_2#44"
"114","DFS2Q","ERR129079","Massachusetts",2007,"11A","NVT","7622_3#55"
"115","K9N0O","ERR129080","Massachusetts",2007,"11A","NVT","7622_3#56"
"116","HWJVH","ERR129093","Massachusetts",2007,"11A","NVT","7622_3#69"
"117","R52DJ","ERR129127","Massachusetts",2007,"11A","NVT","7622_4#7"
"118","6ZCAZ","ERR129131","Massachusetts",2007,"11A","NVT","7622_4#11"
"119","H3Q9M","ERR129137","Massachusetts",2007,"11A","NVT","7622_4#17"
"120","J1LX6","ERR129139","Massachusetts",2007,"11A","NVT","7622_4#19"
"121","F1G5R","ERR129154","Massachusetts",2007,"11A","NVT","7622_4#34"
"122","F1ODP","ERR129159","Massachusetts",2007,"11A","NVT","7622_4#39"
"123","9ABKR","ERR129177","Massachusetts",2007,"11A","NVT","7622_5#57"
"124","8AH8E","ERR129178","Massachusetts",2007,"11A","NVT","7622_5#58"
"125","5J97G","ERR129210","Massachusetts",2007,"11A","NVT","7622_5#90"
"126","3YFA4","ERR129211","Massachusetts",2007,"11A","NVT","7622_5#91"
"127","KYDZM","ERR129214","Massachusetts",2007,"11A","NVT","7622_5#94"
"128","QHXZZ","ERR129215","Massachusetts",2007,"11A","NVT","7622_5#95"
"129","R34-3036","ERR065293","Massachusetts",2004,"15A","NVT","6925_1#55"
"130","R34-3040","ERR065297","Massachusetts",2004,"15A","NVT","6925_1#59"
"131","R34-3064","ERR065320","Massachusetts",2004,"15A","NVT","6925_2#83"
"132","R34-3077","ERR065332","Massachusetts",2004,"15A","NVT","6925_2#95"
"133","R34-3179","ERR067978","Massachusetts",2004,"15A","NVT","6952_7#19"
"134","R34-3126","ERR068026","Massachusetts",2004,"15A","NVT","7001_2#21"
"135","R34-3130","ERR068028","Massachusetts",2004,"15A","NVT","7001_2#23"
"136","R34-3138","ERR068032","Massachusetts",2004,"15A","NVT","7001_3#4"
"137","R34-3150","ERR068042","Massachusetts",2004,"15A","NVT","7001_3#14"
"138","R34-3158","ERR068049","Massachusetts",2004,"15A","NVT","7001_3#21"
"139","R34-3199","ERR069698","Massachusetts",2004,"19A","NVT","6999_1#16"
"140","R34-3225","ERR069724","Massachusetts",2004,"15A","NVT","6999_2#19"
"141","R34-3226","ERR069725","Massachusetts",2004,"15A","NVT","6999_2#20"
"142","HB7S5","ERR124221","Massachusetts",2007,"19A","NVT","7553_4#5"
"143","UJECB","ERR124239","Massachusetts",2007,"15A","NVT","7553_4#23"
"144","CSI7H","ERR124249","Massachusetts",2007,"15A","NVT","7553_4#33"
"145","Z4952","ERR124272","Massachusetts",2007,"15A","NVT","7553_5#56"
"146","XVMDP","ERR124274","Massachusetts",2007,"15A","NVT","7553_5#58"
"147","T8K26","ERR124283","Massachusetts",2007,"15A","NVT","7553_5#67"
"148","8QTW4","ERR124300","Massachusetts",2007,"15A","NVT","7553_5#84"
"149","SLXY1","ERR129026","Massachusetts",2007,"15A","NVT","7622_2#2"
"150","IB8MW","ERR129054","Massachusetts",2007,"15A","NVT","7622_2#30"
"151","W5HGR","ERR129060","Massachusetts",2007,"15A","NVT","7622_2#36"
"152","KRHYA","ERR129061","Massachusetts",2007,"15A","NVT","7622_2#37"
"153","XCB66","ERR129198","Massachusetts",2007,"15A","NVT","7622_5#78"
"154","R34-3012","ERR065338","Massachusetts",2004,"22F","NVT","6930_8#6"
"155","R34-3017","ERR065343","Massachusetts",2004,"22F","NVT","6930_8#11"
"156","R34-3167","ERR067965","Massachusetts",2004,"22F","NVT","6952_7#6"
"157","R34-3082","ERR067987","Massachusetts",2004,"22F","NVT","7001_1#5"
"158","R34-3090","ERR067995","Massachusetts",2004,"22F","NVT","7001_1#13"
"159","R34-3091","ERR067996","Massachusetts",2004,"22F","NVT","7001_1#14"
"160","R34-3143","ERR068037","Massachusetts",2004,"22F","NVT","7001_3#9"
"161","R34-3187","ERR069686","Massachusetts",2004,"22F","NVT","6999_1#4"
"162","R34-3189","ERR069688","Massachusetts",2004,"22F","NVT","6999_1#6"
"163","035100","ERR069738","Massachusetts",2001,"22F","NVT","6999_3#10"
"164","120581","ERR069767","Massachusetts",2001,"22F","NVT","6999_4#16"
"165","153408","ERR069778","Massachusetts",2001,"22F","NVT","6999_5#4"
"166","163286","ERR069783","Massachusetts",2001,"22F","NVT","6999_5#9"
"167","385385","ERR069836","Massachusetts",2001,"22F","NVT","6999_7#16"
"168","FJZZW","ERR124248","Massachusetts",2007,"22F","NVT","7553_4#32"
"169","Q3H1U","ERR124260","Massachusetts",2007,"22F","NVT","7553_4#44"
"170","DQKYE","ERR124307","Massachusetts",2007,"22F","NVT","7553_5#91"
"171","I0UZQ","ERR124318","Massachusetts",2007,"22F","NVT","7553_6#6"
"172","RWZJE","ERR129096","Massachusetts",2007,"22F","NVT","7622_3#72"
"173","FBPNS","ERR129156","Massachusetts",2007,"22F","NVT","7622_4#36"
"174","120T7","ERR129204","Massachusetts",2007,"22F","NVT","7622_5#84"
"175","R34-3045","ERR065301","Massachusetts",2004,"9V","VT","6925_1#63"
"176","R34-3016","ERR065342","Massachusetts",2004,"9V","VT","6930_8#10"
"177","R34-3093","ERR067998","Massachusetts",2004,"19A","NVT","7001_1#16"
"178","R34-3109","ERR068010","Massachusetts",2004,"15B/C","NVT","7001_2#5"
"179","R34-3215","ERR069714","Massachusetts",2004,"19A","NVT","6999_2#9"
"180","234323","ERR069799","Massachusetts",2001,"9V","VT","6999_6#2"
"181","422264","ERR124320","Massachusetts",2001,"9V","VT","7553_6#8"
"182","VPPXV","ERR129053","Massachusetts",2007,"11A","NVT","7622_2#29"
"183","STPDE","ERR129077","Massachusetts",2007,"9V","VT","7622_3#53"
"184","F8P25","ERR129105","Massachusetts",2007,"19A","NVT","7622_3#81"
"185","3FBXJ","ERR129144","Massachusetts",2007,"15B/C","NVT","7622_4#24"
"186","NJ41D","ERR129182","Massachusetts",2007,"15B/C","NVT","7622_5#62"
"187","XQR0B","ERR129195","Massachusetts",2007,"19A","NVT","7622_5#75"
"188","5MZ1D","ERR129196","Massachusetts",2007,"15B/C","NVT","7622_5#76"
"189","312942","ERR069818","Massachusetts",2001,"9V","VT","6999_6#21"
"190","R34-3047","ERR065303","Massachusetts",2004,"23A","NVT","6925_1#65"
"191","R34-3123","ERR068023","Massachusetts",2004,"23A","NVT","7001_2#18"
"192","R34-3209","ERR069708","Massachusetts",2004,"23A","NVT","6999_2#3"
"193","1LQKE","ERR124227","Massachusetts",2007,"23B","NVT","7553_4#11"
"194","28PCJ","ERR124235","Massachusetts",2007,"23A","NVT","7553_4#19"
"195","HR2T3","ERR124286","Massachusetts",2007,"15B/C","NVT","7553_5#70"
"196","0FQ8K","ERR124288","Massachusetts",2007,"15B/C","NVT","7553_5#72"
"197","H8YKW","ERR124294","Massachusetts",2007,"15B/C","NVT","7553_5#78"
"198","01ZWM","ERR124297","Massachusetts",2007,"15B/C","NVT","7553_5#81"
"199","A12WS","ERR124308","Massachusetts",2007,"23A","NVT","7553_5#92"
"200","BJF60","ERR124319","Massachusetts",2007,"15B/C","NVT","7553_6#7"
"201","0GB6K","ERR129042","Massachusetts",2007,"23A","NVT","7622_2#18"
"202","O3452","ERR129043","Massachusetts",2007,"23B","NVT","7622_2#19"
"203","OSEY6","ERR129117","Massachusetts",2007,"23A","NVT","7622_3#93"
"204","DNB90","ERR129157","Massachusetts",2007,"23A","NVT","7622_4#37"
"205","5XCD5","ERR129167","Massachusetts",2007,"23A","NVT","7622_4#47"
"206","TV66E","ERR129176","Massachusetts",2007,"23A","NVT","7622_5#56"
"207","UNUOJ","ERR129213","Massachusetts",2007,"23A","NVT","7622_5#93"
"208","R34-3163","ERR067961","Massachusetts",2004,"7F","NVT","6952_7#2"
"209","R34-3219","ERR069718","Massachusetts",2004,"7F","NVT","6999_2#13"
"210","RJBFJ","ERR124224","Massachusetts",2007,"7F","NVT","7553_4#8"
"211","B4R32","ERR124228","Massachusetts",2007,"7F","NVT","7553_4#12"
"212","3BDEM","ERR124243","Massachusetts",2007,"7F","NVT","7553_4#27"
"213","Y89K0","ERR124276","Massachusetts",2007,"7F","NVT","7553_5#60"
"214","D8RPY","ERR124292","Massachusetts",2007,"7F","NVT","7553_5#76"
"215","55NO4","ERR124312","Massachusetts",2007,"7F","NVT","7553_5#96"
"216","7RCF0","ERR129067","Massachusetts",2007,"7F","NVT","7622_2#43"
"217","UFG1A","ERR129073","Massachusetts",2007,"7F","NVT","7622_3#49"
"218","R34-3030","ERR065287","Massachusetts",2004,"15B/C","NVT","6925_1#49"
"219","R34-3031","ERR065288","Massachusetts",2004,"15B/C","NVT","6925_1#50"
"220","R34-3034","ERR065291","Massachusetts",2004,"15B/C","NVT","6925_1#53"
"221","R34-3049","ERR065305","Massachusetts",2004,"19A","NVT","6925_1#67"
"222","R34-3061","ERR065317","Massachusetts",2004,"19A","NVT","6925_2#80"
"223","R34-3063","ERR065319","Massachusetts",2004,"15F","NVT","6925_2#82"
"224","R34-3068","ERR065323","Massachusetts",2004,"19A","NVT","6925_2#86"
"225","R34-3073","ERR065328","Massachusetts",2004,"19A","NVT","6925_2#91"
"226","R34-3011","ERR065337","Massachusetts",2004,"15B/C","NVT","6930_8#5"
"227","R34-3014","ERR065340","Massachusetts",2004,"15B/C","NVT","6930_8#8"
"228","483391","ERR065970","Massachusetts",2001,"15B/C","NVT","6952_4#18"
"229","492706","ERR065972","Massachusetts",2001,"15B/C","NVT","6952_4#20"
"230","509365","ERR065975","Massachusetts",2001,"15B/C","NVT","6952_4#23"
"231","R34-3160","ERR067960","Massachusetts",2004,"15B/C","NVT","6952_7#1"
"232","R34-3175","ERR067974","Massachusetts",2004,"15B/C","NVT","6952_7#15"
"233","R34-3079","ERR067984","Massachusetts",2004,"19A","NVT","7001_1#2"
"234","R34-3103","ERR068008","Massachusetts",2004,"19A","NVT","7001_2#3"
"235","R34-3110","ERR068011","Massachusetts",2004,"19A","NVT","7001_2#6"
"236","R34-3116","ERR068017","Massachusetts",2004,"19A","NVT","7001_2#12"
"237","R34-3124","ERR068024","Massachusetts",2004,"19A","NVT","7001_2#19"
"238","R34-3140","ERR068034","Massachusetts",2004,"15B/C","NVT","7001_3#6"
"239","R34-3144","ERR068038","Massachusetts",2004,"15B/C","NVT","7001_3#10"
"240","R34-3153","ERR068044","Massachusetts",2004,"15B/C","NVT","7001_3#16"
"241","R34-3154","ERR068045","Massachusetts",2004,"15B/C","NVT","7001_3#17"
"242","R34-3159","ERR068050","Massachusetts",2004,"15B/C","NVT","7001_3#22"
"243","R34-3185","ERR069684","Massachusetts",2004,"19A","NVT","6999_1#2"
"244","R34-3188","ERR069687","Massachusetts",2004,"15B/C","NVT","6999_1#5"
"245","R34-3192","ERR069691","Massachusetts",2004,"15B/C","NVT","6999_1#9"
"246","R34-3197","ERR069696","Massachusetts",2004,"19A","NVT","6999_1#14"
"247","R34-3205","ERR069704","Massachusetts",2004,"15B/C","NVT","6999_1#22"
"248","R34-3206","ERR069705","Massachusetts",2004,"15B/C","NVT","6999_1#23"
"249","R34-3212","ERR069711","Massachusetts",2004,"15B/C","NVT","6999_2#6"
"250","R34-3218","ERR069717","Massachusetts",2004,"19A","NVT","6999_2#12"
"251","057144","ERR069745","Massachusetts",2001,"19A","NVT","6999_3#17"
"252","072782","ERR069751","Massachusetts",2001,"15B/C","NVT","6999_3#23"
"253","080104","ERR069753","Massachusetts",2001,"19A","NVT","6999_4#2"
"254","095344","ERR069758","Massachusetts",2001,"7C","NVT","6999_4#7"
"255","103453","ERR069761","Massachusetts",2001,"15B/C","NVT","6999_4#10"
"256","135771","ERR069771","Massachusetts",2001,"19A","NVT","6999_4#20"
"257","146066","ERR069774","Massachusetts",2001,"15B/C","NVT","6999_4#23"
"258","148056","ERR069776","Massachusetts",2001,"19A","NVT","6999_5#2"
"259","160449","ERR069781","Massachusetts",2001,"19A","NVT","6999_5#7"
"260","210162","ERR069794","Massachusetts",2001,"19A","NVT","6999_5#20"
"261","217475","ERR069795","Massachusetts",2001,"15B/C","NVT","6999_5#21"
"262","218186","ERR069796","Massachusetts",2001,"19A","NVT","6999_5#22"
"263","266035","ERR069805","Massachusetts",2001,"19A","NVT","6999_6#8"
"264","312034","ERR069817","Massachusetts",2001,"19A","NVT","6999_6#20"
"265","362412","ERR069828","Massachusetts",2001,"15B/C","NVT","6999_7#8"
"266","365152","ERR069829","Massachusetts",2001,"15B/C","NVT","6999_7#9"
"267","366293","ERR069831","Massachusetts",2001,"19A","NVT","6999_7#11"
"268","372297","ERR069833","Massachusetts",2001,"15B/C","NVT","6999_7#13"
"269","M6AJV","ERR124220","Massachusetts",2007,"15F","NVT","7553_4#4"
"270","PN3IH","ERR124225","Massachusetts",2007,"15B/C","NVT","7553_4#9"
"271","ESBKM","ERR124229","Massachusetts",2007,"15B/C","NVT","7553_4#13"
"272","KMMCT","ERR124234","Massachusetts",2007,"19A","NVT","7553_4#18"
"273","WWC1T","ERR124251","Massachusetts",2007,"15F","NVT","7553_4#35"
"274","PCKMO","ERR124263","Massachusetts",2007,"15B/C","NVT","7553_4#47"
"275","LJ6JL","ERR124267","Massachusetts",2007,"15B/C","NVT","7553_5#51"
"276","6JSY8","ERR124269","Massachusetts",2007,"19A","NVT","7553_5#53"
"277","0OH1I","ERR124270","Massachusetts",2007,"19A","NVT","7553_5#54"
"278","LIW28","ERR124280","Massachusetts",2007,"19A","NVT","7553_5#64"
"279","6FXSQ","ERR124281","Massachusetts",2007,"19A","NVT","7553_5#65"
"280","2EAKR","ERR124284","Massachusetts",2007,"19A","NVT","7553_5#68"
"281","RMEOX","ERR124295","Massachusetts",2007,"19A","NVT","7553_5#79"
"282","IZCEG","ERR124313","Massachusetts",2007,"15B/C","NVT","7553_6#1"
"283","ATBLM","ERR124315","Massachusetts",2007,"19A","NVT","7553_6#3"
"284","6EO69","ERR129025","Massachusetts",2007,"19A","NVT","7622_2#1"
"285","DH8X5-2","ERR129032","Massachusetts",2007,"15B/C","NVT","7622_2#8"
"286","K51SW","ERR129033","Massachusetts",2007,"15B/C","NVT","7622_2#9"
"287","PXB8V","ERR129034","Massachusetts",2007,"15B/C","NVT","7622_2#10"
"288","TG9A8","ERR129046","Massachusetts",2007,"15B/C","NVT","7622_2#22"
"289","RZPNF","ERR129059","Massachusetts",2007,"19A","NVT","7622_2#35"
"290","6UUPJ","ERR129063","Massachusetts",2007,"19A","NVT","7622_2#39"
"291","BHCQB","ERR129072","Massachusetts",2007,"19A","NVT","7622_2#48"
"292","FQPLS","ERR129081","Massachusetts",2007,"15B/C","NVT","7622_3#57"
"293","WQ9GV","ERR129091","Massachusetts",2007,"15B/C","NVT","7622_3#67"
"294","RCBGR","ERR129108","Massachusetts",2007,"19A","NVT","7622_3#84"
"295","WNYEL","ERR129112","Massachusetts",2007,"19A","NVT","7622_3#88"
"296","WLTN8","ERR129118","Massachusetts",2007,"19A","NVT","7622_3#94"
"297","RL36E","ERR129120","Massachusetts",2007,"19A","NVT","7622_3#96"
"298","IRE4I","ERR129121","Massachusetts",2007,"15B/C","NVT","7622_4#1"
"299","REQGJ","ERR129123","Massachusetts",2007,"19A","NVT","7622_4#3"
"300","P4GIC","ERR129125","Massachusetts",2007,"15B/C","NVT","7622_4#5"
"301","EH2WN","ERR129129","Massachusetts",2007,"15B/C","NVT","7622_4#9"
"302","LOOXY","ERR129140","Massachusetts",2007,"19A","NVT","7622_4#20"
"303","FUOYQ","ERR129142","Massachusetts",2007,"19A","NVT","7622_4#22"
"304","XZHZP","ERR129149","Massachusetts",2007,"15B/C","NVT","7622_4#29"
"305","Z60YP","ERR129153","Massachusetts",2007,"19A","NVT","7622_4#33"
"306","DPGZI","ERR129160","Massachusetts",2007,"19A","NVT","7622_4#40"
"307","YQUAQ","ERR129170","Massachusetts",2007,"19A","NVT","7622_5#50"
"308","AYFPY","ERR129174","Massachusetts",2007,"15B/C","NVT","7622_5#54"
"309","IMAPY","ERR129175","Massachusetts",2007,"15B/C","NVT","7622_5#55"
"310","IZQWI","ERR129183","Massachusetts",2007,"19A","NVT","7622_5#63"
"311","QLCSW","ERR129186","Massachusetts",2007,"15B/C","NVT","7622_5#66"
"312","5QBRP","ERR129190","Massachusetts",2007,"15B/C","NVT","7622_5#70"
"313","1V4ME","ERR129197","Massachusetts",2007,"19A","NVT","7622_5#77"
"314","8PY5X","ERR129207","Massachusetts",2007,"15F","NVT","7622_5#87"
"315","VQC7K","ERR129209","Massachusetts",2007,"19A","NVT","7622_5#89"
"316","R34-3050","ERR065306","Massachusetts",2004,"23A","NVT","6925_1#68"
"317","R34-3051","ERR065307","Massachusetts",2004,"23A","NVT","6925_1#69"
"318","R34-3055","ERR065311","Massachusetts",2004,"23A","NVT","6925_2#74"
"319","R34-3057","ERR065313","Massachusetts",2004,"23A","NVT","6925_2#76"
"320","R34-3067","ERR065322","Massachusetts",2004,"23A","NVT","6925_2#85"
"321","R34-3076","ERR065331","Massachusetts",2004,"23F","VT","6925_2#94"
"322","R34-3013","ERR065339","Massachusetts",2004,"23F","VT","6930_8#7"
"323","R34-3019","ERR065345","Massachusetts",2004,"23B","NVT","6930_8#13"
"324","R34-3020","ERR065346","Massachusetts",2004,"23B","NVT","6930_8#14"
"325","R34-3022","ERR065348","Massachusetts",2004,"23B","NVT","6930_8#16"
"326","R34-3029","ERR065355","Massachusetts",2004,"23F","VT","6930_8#23"
"327","427937","ERR065955","Massachusetts",2001,"23F","VT","6952_4#3"
"328","462956","ERR065966","Massachusetts",2001,"23F","VT","6952_4#14"
"329","R34-3169","ERR067967","Massachusetts",2004,"23B","NVT","6952_7#8"
"330","R34-3174","ERR067973","Massachusetts",2004,"23A","NVT","6952_7#14"
"331","R34-3177","ERR067976","Massachusetts",2004,"23A","NVT","6952_7#17"
"332","R34-3181","ERR067980","Massachusetts",2004,"23F","VT","6952_7#21"
"333","R34-3114","ERR068015","Massachusetts",2004,"23B","NVT","7001_2#10"
"334","R34-3127","ERR068027","Massachusetts",2004,"23A","NVT","7001_2#22"
"335","R34-3195","ERR069694","Massachusetts",2004,"23B","NVT","6999_1#12"
"336","025310","ERR069736","Massachusetts",2001,"23F","VT","6999_3#8"
"337","049470","ERR069743","Massachusetts",2001,"23F","VT","6999_3#15"
"338","151684","ERR069777","Massachusetts",2001,"23F","VT","6999_5#3"
"339","154389","ERR069780","Massachusetts",2001,"23A","NVT","6999_5#6"
"340","203692","ERR069790","Massachusetts",2001,"23F","VT","6999_5#16"
"341","239434","ERR069800","Massachusetts",2001,"23F","VT","6999_6#3"
"342","248734","ERR069802","Massachusetts",2001,"23B","NVT","6999_6#5"
"343","276430","ERR069807","Massachusetts",2001,"18C","VT","6999_6#10"
"344","365502","ERR069830","Massachusetts",2001,"23F","VT","6999_7#10"
"345","T7IZ1","ERR124219","Massachusetts",2007,"23B","NVT","7553_4#3"
"346","LFB15","ERR124238","Massachusetts",2007,"23B","NVT","7553_4#22"
"347","04WB3","ERR124245","Massachusetts",2007,"23B","NVT","7553_4#29"
"348","Y0160","ERR124287","Massachusetts",2007,"23A","NVT","7553_5#71"
"349","FOR95","ERR129029","Massachusetts",2007,"23B","NVT","7622_2#5"
"350","QRPPW","ERR129052","Massachusetts",2007,"23B","NVT","7622_2#28"
"351","ON38S","ERR129055","Massachusetts",2007,"23A","NVT","7622_2#31"
"352","5ZS1X","ERR129065","Massachusetts",2007,"23A","NVT","7622_2#41"
"353","9T42W","ERR129076","Massachusetts",2007,"23A","NVT","7622_3#52"
"354","TEF7S","ERR129082","Massachusetts",2007,"23A","NVT","7622_3#58"
"355","2AHBE","ERR129098","Massachusetts",2007,"23A","NVT","7622_3#74"
"356","C3W41","ERR129100","Massachusetts",2007,"23B","NVT","7622_3#76"
"357","J9GMM","ERR129106","Massachusetts",2007,"23A","NVT","7622_3#82"
"358","DYJGL","ERR129107","Massachusetts",2007,"23B","NVT","7622_3#83"
"359","YHPD0","ERR129116","Massachusetts",2007,"23A","NVT","7622_3#92"
"360","WCULS","ERR129122","Massachusetts",2007,"23B","NVT","7622_4#2"
"361","CJISL","ERR129133","Massachusetts",2007,"23A","NVT","7622_4#13"
"362","LIT4Q","ERR129141","Massachusetts",2007,"23A","NVT","7622_4#21"
"363","ZXPKH","ERR129146","Massachusetts",2007,"23A","NVT","7622_4#26"
"364","3MB4Z","ERR129147","Massachusetts",2007,"23B","NVT","7622_4#27"
"365","WYMQI","ERR129155","Massachusetts",2007,"23B","NVT","7622_4#35"
"366","BDGWM","ERR129161","Massachusetts",2007,"23B","NVT","7622_4#41"
"367","8A4VR","ERR129171","Massachusetts",2007,"23B","NVT","7622_5#51"
"368","DP07V","ERR129192","Massachusetts",2007,"23B","NVT","7622_5#72"
"369","94ORH","ERR129205","Massachusetts",2007,"23A","NVT","7622_5#85"
"370","7LLCL","ERR129208","Massachusetts",2007,"23B","NVT","7622_5#88"
"371","354557","ERR069826","Massachusetts",2001,"23A","NVT","6999_7#6"
"372","R34-3041","ERR065298","Massachusetts",2004,"6C","NVT","6925_1#60"
"373","R34-3072","ERR065327","Massachusetts",2004,"6C","NVT","6925_2#90"
"374","R34-3089","ERR067994","Massachusetts",2004,"6C","NVT","7001_1#12"
"375","R34-3092","ERR067997","Massachusetts",2004,"6C","NVT","7001_1#15"
"376","R34-3125","ERR068025","Massachusetts",2004,"6C","NVT","7001_2#20"
"377","119571","ERR069766","Massachusetts",2001,"6C","NVT","6999_4#15"
"378","6PU39","ERR124232","Massachusetts",2007,"6C","NVT","7553_4#16"
"379","3JK7Y","ERR124254","Massachusetts",2007,"6C","NVT","7553_4#38"
"380","057G3","ERR124264","Massachusetts",2007,"6C","NVT","7553_4#48"
"381","QD0ZV","ERR124317","Massachusetts",2007,"6C","NVT","7553_6#5"
"382","NB8E4","ERR129039","Massachusetts",2007,"6C","NVT","7622_2#15"
"383","V5VF1","ERR129152","Massachusetts",2007,"6C","NVT","7622_4#32"
"384","PHY03","ERR129169","Massachusetts",2007,"6C","NVT","7622_5#49"
"385","8CRCE","ERR129203","Massachusetts",2007,"6C","NVT","7622_5#83"
"386","291880","ERR069811","Massachusetts",2001,"6C","NVT","6999_6#14"
"387","R34-3044","ERR065300","Massachusetts",2004,"35B","NVT","6925_1#62"
"388","R34-3069","ERR065324","Massachusetts",2004,"35B","NVT","6925_2#87"
"389","R34-3074","ERR065329","Massachusetts",2004,"35B","NVT","6925_2#92"
"390","R34-3025","ERR065351","Massachusetts",2004,"35B","NVT","6930_8#19"
"391","R34-3164","ERR067962","Massachusetts",2004,"35B","NVT","6952_7#3"
"392","R34-3165","ERR067963","Massachusetts",2004,"35B","NVT","6952_7#4"
"393","R34-3172","ERR067970","Massachusetts",2004,"35B","NVT","6952_7#11"
"394","R34-3083","ERR067988","Massachusetts",2004,"35B","NVT","7001_1#6"
"395","R34-3087","ERR067992","Massachusetts",2004,"35B","NVT","7001_1#10"
"396","R34-3097","ERR068002","Massachusetts",2004,"35B","NVT","7001_1#20"
"397","R34-3119","ERR068019","Massachusetts",2004,"35B","NVT","7001_2#14"
"398","R34-3131","ERR068029","Massachusetts",2004,"35B","NVT","7001_3#1"
"399","R34-3139","ERR068033","Massachusetts",2004,"35B","NVT","7001_3#5"
"400","R34-3204","ERR069703","Massachusetts",2004,"35B","NVT","6999_1#21"
"401","R34-3227","ERR069726","Massachusetts",2004,"35B","NVT","6999_2#21"
"402","R34-3229","ERR069728","Massachusetts",2004,"35B","NVT","6999_2#23"
"403","007649","ERR069733","Massachusetts",2001,"35B","NVT","6999_3#5"
"404","067094","ERR069749","Massachusetts",2001,"35B","NVT","6999_3#21"
"405","379678","ERR069834","Massachusetts",2001,"35B","NVT","6999_7#14"
"406","1VDX8","ERR124236","Massachusetts",2007,"35B","NVT","7553_4#20"
"407","CCV1H","ERR124241","Massachusetts",2007,"35B","NVT","7553_4#25"
"408","W9GKO","ERR124250","Massachusetts",2007,"35B","NVT","7553_4#34"
"409","LS3OB","ERR124273","Massachusetts",2007,"35B","NVT","7553_5#57"
"410","RS9D2","ERR124275","Massachusetts",2007,"35B","NVT","7553_5#59"
"411","6893Z","ERR124277","Massachusetts",2007,"35B","NVT","7553_5#61"
"412","81LMX","ERR124279","Massachusetts",2007,"35B","NVT","7553_5#63"
"413","BZ2I7","ERR124290","Massachusetts",2007,"35B","NVT","7553_5#74"
"414","O0RHB","ERR124293","Massachusetts",2007,"35B","NVT","7553_5#77"
"415","O61U7","ERR124299","Massachusetts",2007,"35B","NVT","7553_5#83"
"416","O8I1E","ERR124301","Massachusetts",2007,"35B","NVT","7553_5#85"
"417","JBYFY","ERR124316","Massachusetts",2007,"35B","NVT","7553_6#4"
"418","T8Z8O","ERR129035","Massachusetts",2007,"35B","NVT","7622_2#11"
"419","F77ZH","ERR129074","Massachusetts",2007,"35B","NVT","7622_3#50"
"420","4K4C9","ERR129086","Massachusetts",2007,"35B","NVT","7622_3#62"
"421","QWSZT","ERR129087","Massachusetts",2007,"35B","NVT","7622_3#63"
"422","4PYM0","ERR129089","Massachusetts",2007,"35B","NVT","7622_3#65"
"423","WAMFH","ERR129099","Massachusetts",2007,"35B","NVT","7622_3#75"
"424","W8IHX","ERR129104","Massachusetts",2007,"35B","NVT","7622_3#80"
"425","9D25H","ERR129119","Massachusetts",2007,"35B","NVT","7622_3#95"
"426","P1NM2","ERR129134","Massachusetts",2007,"35B","NVT","7622_4#14"
"427","0U64I","ERR129143","Massachusetts",2007,"35B","NVT","7622_4#23"
"428","UTEDZ","ERR129148","Massachusetts",2007,"35B","NVT","7622_4#28"
"429","B1KMB","ERR129163","Massachusetts",2007,"35B","NVT","7622_4#43"
"430","AFVC5","ERR129173","Massachusetts",2007,"35B","NVT","7622_5#53"
"431","REAOU","ERR129179","Massachusetts",2007,"35B","NVT","7622_5#59"
"432","0NWX9","ERR129200","Massachusetts",2007,"35B","NVT","7622_5#80"
"433","R34-3032","ERR065289","Massachusetts",2004,"NT","NVT","6925_1#51"
"434","R34-3039","ERR065296","Massachusetts",2004,"NT","NVT","6925_1#58"
"435","R34-3015","ERR065341","Massachusetts",2004,"NT","NVT","6930_8#9"
"436","462746","ERR065965","Massachusetts",2001,"NT","NVT","6952_4#13"
"437","508907","ERR065974","Massachusetts",2001,"NT","NVT","6952_4#22"
"438","WVCE6","ERR124278","Massachusetts",2007,"NT","NVT","7553_5#62"
"439","68G2D","ERR129130","Massachusetts",2007,"NT","NVT","7622_4#10"
"440","R34-3027","ERR065353","Massachusetts",2004,"6A","VT","6930_8#21"
"441","420881","ERR065953","Massachusetts",2001,"6A","VT","6952_4#1"
"442","R34-3180","ERR067979","Massachusetts",2004,"6A","VT","6952_7#20"
"443","R34-3096","ERR068001","Massachusetts",2004,"6A","VT","7001_1#19"
"444","R34-3099","ERR068004","Massachusetts",2004,"6A","VT","7001_1#22"
"445","R34-3100","ERR068005","Massachusetts",2004,"6B","VT","7001_1#23"
"446","R34-3151","ERR068043","Massachusetts",2004,"6A","VT","7001_3#15"
"447","R34-3210","ERR069709","Massachusetts",2004,"6A","VT","6999_2#4"
"448","R34-3211","ERR069710","Massachusetts",2004,"6A","VT","6999_2#5"
"449","015445","ERR069734","Massachusetts",2001,"6A","VT","6999_3#6"
"450","042861","ERR069741","Massachusetts",2001,"6A","VT","6999_3#13"
"451","101058","ERR069759","Massachusetts",2001,"6A","VT","6999_4#8"
"452","166637","ERR069784","Massachusetts",2001,"6A","VT","6999_5#10"
"453","181272","ERR069788","Massachusetts",2001,"6A","VT","6999_5#14"
"454","359370","ERR069827","Massachusetts",2001,"6A","VT","6999_7#7"
"455","5W908","ERR124223","Massachusetts",2007,"6C","NVT","7553_4#7"
"456","CM917","ERR129027","Massachusetts",2007,"6C","NVT","7622_2#3"
"457","0TN5H","ERR129092","Massachusetts",2007,"6A","VT","7622_3#68"
"458","FU8OL","ERR129115","Massachusetts",2007,"6C","NVT","7622_3#91"
"459","448643","ERR065963","Massachusetts",2001,"6A","VT","6952_4#11"
"460","R34-3168","ERR067966","Massachusetts",2004,"6A","VT","6952_7#7"
"461","R34-3171","ERR067969","Massachusetts",2004,"6A","VT","6952_7#10"
"462","R34-3201","ERR069700","Massachusetts",2004,"6A","VT","6999_1#18"
"463","051715","ERR069744","Massachusetts",2001,"6A","VT","6999_3#16"
"464","065435","ERR069747","Massachusetts",2001,"6A","VT","6999_3#19"
"465","108480","ERR069763","Massachusetts",2001,"6A","VT","6999_4#12"
"466","179743","ERR069787","Massachusetts",2001,"6A","VT","6999_5#13"
"467","AI3GZ","ERR124303","Massachusetts",2007,"6A","VT","7553_5#87"
"468","2RLC4","ERR124314","Massachusetts",2007,"6A","VT","7553_6#2"
"469","CXQ2T","ERR129128","Massachusetts",2007,"6A","VT","7622_4#8"
"470","342672","ERR069825","Massachusetts",2001,"6A","VT","6999_7#5"
"471","R34-3058","ERR065314","Massachusetts",2004,"19F","VT","6925_2#77"
"472","503574","ERR065973","Massachusetts",2001,"19F","VT","6952_4#21"
"473","R34-3085","ERR067990","Massachusetts",2004,"19F","VT","7001_1#8"
"474","R34-3094","ERR067999","Massachusetts",2004,"19F","VT","7001_1#17"
"475","R34-3098","ERR068003","Massachusetts",2004,"19F","VT","7001_1#21"
"476","R34-3141","ERR068035","Massachusetts",2004,"19F","VT","7001_3#7"
"477","R34-3142","ERR068036","Massachusetts",2004,"19F","VT","7001_3#8"
"478","R34-3200","ERR069699","Massachusetts",2004,"19F","VT","6999_1#17"
"479","R34-3207","ERR069706","Massachusetts",2004,"19F","VT","6999_2#1"
"480","R34-3221","ERR069720","Massachusetts",2004,"19A","NVT","6999_2#15"
"481","105542","ERR069762","Massachusetts",2001,"19F","VT","6999_4#11"
"482","208866","ERR069791","Massachusetts",2001,"19F","VT","6999_5#17"
"483","209930","ERR069793","Massachusetts",2001,"19F","VT","6999_5#19"
"484","404463","ERR069842","Massachusetts",2001,"19F","VT","6999_7#22"
"485","416185","ERR069843","Massachusetts",2001,"19F","VT","6999_7#23"
"486","OQTRJ","ERR124222","Massachusetts",2007,"19A","NVT","7553_4#6"
"487","LABTO","ERR124233","Massachusetts",2007,"19A","NVT","7553_4#17"
"488","CHP0M","ERR124255","Massachusetts",2007,"19A","NVT","7553_4#39"
"489","DH8X5-1","ERR129031","Massachusetts",2007,"19A","NVT","7622_2#7"
"490","06URQ","ERR129036","Massachusetts",2007,"19A","NVT","7622_2#12"
"491","NFPTS","ERR129049","Massachusetts",2007,"19A","NVT","7622_2#25"
"492","6GU7V","ERR129062","Massachusetts",2007,"19F","VT","7622_2#38"
"493","1QJAP","ERR129075","Massachusetts",2007,"19A","NVT","7622_3#51"
"494","WMK3T","ERR129078","Massachusetts",2007,"19F","VT","7622_3#54"
"495","9SKOT","ERR129193","Massachusetts",2007,"19A","NVT","7622_5#73"
"496","R34-3078","ERR067983","Massachusetts",2004,"3","NVT","7001_1#1"
"497","R34-3084","ERR067989","Massachusetts",2004,"3","NVT","7001_1#7"
"498","R34-3101","ERR068006","Massachusetts",2004,"3","NVT","7001_2#1"
"499","R34-3190","ERR069689","Massachusetts",2004,"3","NVT","6999_1#7"
"500","R34-3202","ERR069701","Massachusetts",2004,"3","NVT","6999_1#19"
"501","R34-3217","ERR069716","Massachusetts",2004,"3","NVT","6999_2#11"
"502","065645","ERR069748","Massachusetts",2001,"3","NVT","6999_3#20"
"503","072511","ERR069750","Massachusetts",2001,"3","NVT","6999_3#22"
"504","369820","ERR069832","Massachusetts",2001,"3","NVT","6999_7#12"
"505","P213M","ERR129180","Massachusetts",2007,"3","NVT","7622_5#60"
"506","LDD87","ERR129212","Massachusetts",2007,"3","NVT","7622_5#92"
"507","R34-3053","ERR065309","Massachusetts",2004,"NT","NVT","6925_1#71"
"508","R34-3060","ERR065316","Massachusetts",2004,"6C","NVT","6925_2#79"
"509","093209","ERR069757","Massachusetts",2001,"6C","NVT","6999_4#6"
"510","PWGX0","ERR124217","Massachusetts",2007,"6C","NVT","7553_4#1"
"511","NKLJL","ERR124253","Massachusetts",2007,"6C","NVT","7553_4#37"
"512","4XILA","ERR124266","Massachusetts",2007,"6C","NVT","7553_5#50"
"513","LY288","ERR124305","Massachusetts",2007,"6C","NVT","7553_5#89"
"514","QU2WM","ERR124310","Massachusetts",2007,"6C","NVT","7553_5#94"
"515","QQK9Y","ERR129048","Massachusetts",2007,"6C","NVT","7622_2#24"
"516","SEOTT","ERR129111","Massachusetts",2007,"6C","NVT","7622_3#87"
"517","ODNWT","ERR129145","Massachusetts",2007,"6C","NVT","7622_4#25"
"518","481643","ERR065969","Massachusetts",2001,"6B","VT","6952_4#17"
"519","487827","ERR065971","Massachusetts",2001,"6B","VT","6952_4#19"
"520","R34-3136","ERR068030","Massachusetts",2004,"23F","VT","7001_3#2"
"521","R34-3186","ERR069685","Massachusetts",2004,"6B","VT","6999_1#3"
"522","R34-3194","ERR069693","Massachusetts",2004,"6B","VT","6999_1#11"
"523","153438","ERR069779","Massachusetts",2001,"6B","VT","6999_5#5"
"524","174702","ERR069786","Massachusetts",2001,"6B","VT","6999_5#12"
"525","223832","ERR069798","Massachusetts",2001,"6B","VT","6999_6#1"
"526","1TR6C","ERR129168","Massachusetts",2007,"6C","NVT","7622_4#48"
"527","UB6XH","ERR129172","Massachusetts",2007,"6B","VT","7622_5#52"
"528","R34-3046","ERR065302","Massachusetts",2004,"38","NVT","6925_1#64"
"529","R34-3065","ERR065321","Massachusetts",2004,"38","NVT","6925_2#84"
"530","R34-3146","ERR068039","Massachusetts",2004,"38","NVT","7001_3#11"
"531","144370","ERR069773","Massachusetts",2001,"38","NVT","6999_4#22"
"532","147587","ERR069775","Massachusetts",2001,"38","NVT","6999_5#1"
"533","HU4AA","ERR129040","Massachusetts",2007,"38","NVT","7622_2#16"
"534","8PNF1","ERR129056","Massachusetts",2007,"38","NVT","7622_2#32"
"535","J29X8","ERR129124","Massachusetts",2007,"38","NVT","7622_4#4"
"536","K8121","ERR129188","Massachusetts",2007,"38","NVT","7622_5#68"
"537","26IET","ERR129028","Massachusetts",2007,"19A","NVT","7622_2#4"
"538","FRIZ4","ERR129030","Massachusetts",2007,"19A","NVT","7622_2#6"
"539","X71H5","ERR129083","Massachusetts",2007,"19A","NVT","7622_3#59"
"540","Y6BSG","ERR129103","Massachusetts",2007,"19A","NVT","7622_3#79"
"541","3UTO8","ERR129136","Massachusetts",2007,"19A","NVT","7622_4#16"
"542","6U8ZJ","ERR129138","Massachusetts",2007,"19A","NVT","7622_4#18"
"543","3GWV1","ERR129202","Massachusetts",2007,"19A","NVT","7622_5#82"
"544","MFII0","ERR129216","Massachusetts",2007,"19A","NVT","7622_5#96"
"545","R34-3048","ERR065304","Massachusetts",2004,"34","NVT","6925_1#66"
"546","438180","ERR065959","Massachusetts",2001,"34","NVT","6952_4#7"
"547","R34-3086","ERR067991","Massachusetts",2004,"6C","NVT","7001_1#9"
"548","R34-3115","ERR068016","Massachusetts",2004,"34","NVT","7001_2#11"
"549","6JT2I","ERR124230","Massachusetts",2007,"6C","NVT","7553_4#14"
"550","NA03L","ERR129038","Massachusetts",2007,"34","NVT","7622_2#14"
"551","DR1PD","ERR129066","Massachusetts",2007,"34","NVT","7622_2#42"
"552","430772","ERR065956","Massachusetts",2001,"14","VT","6952_4#4"
"553","R34-3230","ERR069729","Massachusetts",2004,"14","VT","6999_3#1"
"554","R34-3231","ERR069730","Massachusetts",2004,"14","VT","6999_3#2"
"555","142534","ERR069772","Massachusetts",2001,"14","VT","6999_4#21"
"556","268660","ERR069806","Massachusetts",2001,"14","VT","6999_6#9"
"557","306435","ERR069816","Massachusetts",2001,"14","VT","6999_6#19"
"558","341365","ERR069824","Massachusetts",2001,"14","VT","6999_7#4"
"559","R34-3173","ERR067972","Massachusetts",2004,"33F","NVT","6952_7#13"
"560","R34-3102","ERR068007","Massachusetts",2004,"18C","VT","7001_2#2"
"561","R34-3121","ERR068021","Massachusetts",2004,"33F","NVT","7001_2#16"
"562","187406","ERR069789","Massachusetts",2001,"33F","NVT","6999_5#15"
"563","ZPN7P","ERR124257","Massachusetts",2007,"33F","NVT","7553_4#41"
"564","OZJ9F","ERR129185","Massachusetts",2007,"33F","NVT","7622_5#65"
"565","303656","ERR069814","Massachusetts",2001,"18C","VT","6999_6#17"
"566","R34-3038","ERR065295","Massachusetts",2004,"6B","VT","6925_1#57"
"567","436154","ERR065957","Massachusetts",2001,"6B","VT","6952_4#5"
"568","018044","ERR069735","Massachusetts",2001,"6B","VT","6999_3#7"
"569","160986","ERR069782","Massachusetts",2001,"6B","VT","6999_5#8"
"570","302649","ERR069813","Massachusetts",2001,"6B","VT","6999_6#16"
"571","323485","ERR069819","Massachusetts",2001,"6B","VT","6999_6#22"
"572","388483","ERR069838","Massachusetts",2001,"6B","VT","6999_7#18"
"573","R34-3113","ERR068014","Massachusetts",2004,"19F","VT","7001_2#9"
"574","2VBTK","ERR129047","Massachusetts",2007,"7C","NVT","7622_2#23"
"575","QIKYS","ERR129094","Massachusetts",2007,"19F","VT","7622_3#70"
"576","Q0413","ERR129095","Massachusetts",2007,"19F","VT","7622_3#71"
"577","W9G4K","ERR129187","Massachusetts",2007,"7C","NVT","7622_5#67"
"578","TJRUQ","ERR129206","Massachusetts",2007,"19F","VT","7622_5#86"
"579","R34-3056","ERR065312","Massachusetts",2004,"17F","NVT","6925_2#75"
"580","GWTK7","ERR124218","Massachusetts",2007,"17F","NVT","7553_4#2"
"581","3XUC4","ERR124258","Massachusetts",2007,"17F","NVT","7553_4#42"
"582","E3GXY","ERR124306","Massachusetts",2007,"17F","NVT","7553_5#90"
"583","VODW3","ERR129110","Massachusetts",2007,"21","NVT","7622_3#86"
"584","R34-3033","ERR065290","Massachusetts",2004,"31","NVT","6925_1#52"
"585","YSOFP","ERR124311","Massachusetts",2007,"31","NVT","7553_5#95"
"586","E0ZKK","ERR129057","Massachusetts",2007,"31","NVT","7622_2#33"
"587","N8YA4","ERR129135","Massachusetts",2007,"31","NVT","7622_4#15"
"588","R34-3088","ERR067993","Massachusetts",2004,"NT","NVT","7001_1#11"
"589","255210","ERR069803","Massachusetts",2001,"NT","NVT","6999_6#6"
"590","403790","ERR069841","Massachusetts",2001,"NT","NVT","6999_7#21"
"591","173015","ERR069785","Massachusetts",2001,"23F","VT","6999_5#11"
"592","218229","ERR069797","Massachusetts",2001,"23F","VT","6999_5#23"
"593","334847","ERR069821","Massachusetts",2001,"23F","VT","6999_7#1"
"594","132571","ERR069769","Massachusetts",2001,"9N","NVT","6999_4#18"
"595","14YE5","ERR124226","Massachusetts",2007,"9N","NVT","7553_4#10"
"596","U3EO1","ERR129064","Massachusetts",2007,"7F","NVT","7622_2#40"
"597","R34-3059","ERR065315","Massachusetts",2004,"18C","VT","6925_2#78"
"598","R34-3196","ERR069695","Massachusetts",2004,"18C","VT","6999_1#13"
"599","040241","ERR069739","Massachusetts",2001,"18C","VT","6999_3#11"
"600","EKR1O","ERR129044","Massachusetts",2007,"6C","NVT","7622_2#20"
"601","P0N8K","ERR129194","Massachusetts",2007,"6C","NVT","7622_5#74"
"602","436915","ERR065958","Massachusetts",2001,"9N","NVT","6952_4#6"
"603","GJ6MQ","ERR129162","Massachusetts",2007,"9N","NVT","7622_4#42"
"604","R34-3183","ERR067982","Massachusetts",2004,"19A","NVT","6952_7#23"
"605","9LUM5","ERR124252","Massachusetts",2007,"17F","NVT","7553_4#36"
"606","2W7ME","ERR129181","Massachusetts",2007,"16F","NVT","7622_5#61"
"607","18FDW","ERR124244","Massachusetts",2007,"15B/C","NVT","7553_4#28"
"608","R34-3108","ERR068009","Massachusetts",2004,"NT","NVT","7001_2#4"
"609","WG60C","ERR129071","Massachusetts",2007,"NT","NVT","7622_2#47"
"610","34YLE","ERR129102","Massachusetts",2007,"NT","NVT","7622_3#78"
"611","304793","ERR069815","Massachusetts",2001,"37","NVT","6999_6#18"
"612","F5UY4","ERR129151","Massachusetts",2007,"37","NVT","7622_4#31"
"613","R34-3037","ERR065294","Massachusetts",2004,"19A","NVT","6925_1#56"
"614","R34-3026","ERR065352","Massachusetts",2004,"6A","VT","6930_8#20"
"615","044744","ERR069742","Massachusetts",2001,"23F","VT","6999_3#14"
"616","397079","ERR069840","Massachusetts",2001,"6B","VT","6999_7#20"
